PetID,0
378fcc4fc,1.0
43fbba852,1.0
77a490ec9,4.0
d1eada628,3.0
bcd464bb8,4.0
4e21958c3,4.0
ff8d0708f,3.0
f1e6c9bf3,3.0
248914c05,4.0
948002885,4.0
4f4b2ede1,1.0
ac9fb74b9,4.0
47ef39e7a,4.0
c69ee9807,4.0
62dcf8ecb,4.0
4df1d19d6,4.0
e8ef8455e,3.0
cbd23bc17,4.0
4d1a91ccf,3.0
004ee5cf7,4.0
64341b5db,4.0
36726d4ef,4.0
0b56a7525,2.0
550a0368b,2.0
92ad0b5d6,4.0
a0465636d,3.0
257e363e0,4.0
e3b8f72db,2.0
3dd3a9a4a,4.0
bd401c9d7,4.0
f28185f8b,4.0
578ded1cf,4.0
075c67b05,4.0
2d3f76a93,4.0
c9049c53d,2.0
d51a9f925,1.0
1d4d82bda,4.0
e56ca790d,4.0
64d85557b,4.0
5891eb6ec,4.0
4c08175f2,1.0
63ea487ed,4.0
94738fe21,4.0
3aab441c8,4.0
9aaaee20a,1.0
99b56d294,4.0
348fade02,4.0
301b3b88b,4.0
59b68d2e2,4.0
bcb71ba05,4.0
b3d560f95,4.0
c87763ce2,4.0
40f5e930e,4.0
0e178cab1,2.0
ea75287c4,4.0
f1eb8b164,4.0
959a881a3,2.0
699ede995,4.0
95b2b8d75,3.0
75f25bcb6,2.0
87c583bbc,4.0
c74a234f2,4.0
02661c4c5,4.0
fee0eca1a,2.0
1ec246964,2.0
9d9ac4430,4.0
295d49ea4,4.0
bdb8343cb,4.0
d36ac8c08,4.0
a0b3ccddc,3.0
b23d4068f,2.0
2920191f9,4.0
48efa3f5e,4.0
e03924fbe,4.0
c224db738,4.0
1b5ee9232,4.0
a3af20492,4.0
1dfaadc39,4.0
d8e945151,4.0
3b69b9208,4.0
cc5e6046a,4.0
ff78e02f1,2.0
2499a5ac3,3.0
53c4f449e,2.0
4f167e094,4.0
94c6c543b,3.0
835cb2fef,4.0
a90f1da14,4.0
4db3fb6cd,4.0
6d680bfcd,3.0
ff8d81a17,2.0
bddf3eba7,4.0
af689290f,4.0
83c01a2f1,2.0
73a62be68,2.0
71866498f,3.0
959973c0a,4.0
87bf9db6c,4.0
e9a238ffc,2.0
8b590e38d,2.0
ae69e67e9,3.0
023572703,4.0
c8107d860,1.0
0b3c0c460,4.0
ddb893ad0,4.0
223157063,1.0
1f1ddd287,1.0
cd51d5ffe,2.0
144d036b1,2.0
3b715cea3,4.0
176780982,4.0
7950faa64,4.0
c55bc1c7c,3.0
b2b237033,4.0
81d4518ee,2.0
4df1ef790,2.0
0915242e3,4.0
9bc2df0bb,2.0
1fb65d9a3,3.0
65a011bca,2.0
88147811c,2.0
fff5752ef,4.0
cbf5be359,4.0
4d1055a38,2.0
a27323945,4.0
df25123be,1.0
64048c5fb,4.0
d160d237c,4.0
684c1757e,4.0
0ab53d252,4.0
cefd51047,1.0
c48a69f0a,4.0
f5bc25243,2.0
7a0627be7,3.0
e13c0f168,4.0
6f3a546dc,3.0
50848490f,1.0
ebbfc5416,4.0
be33711da,2.0
29ffee2ab,4.0
f22172a19,4.0
78bf39732,4.0
d6ab3d456,1.0
bb36edf54,2.0
ef5d82c92,4.0
7700279d3,2.0
abc94aacf,4.0
771d872a7,4.0
7b074b69d,4.0
0b74e8432,4.0
fa07edb31,4.0
0a9497647,4.0
2e6ed1d30,2.0
e9665fc0f,4.0
b58629240,1.0
fb3a6969b,4.0
d739b8ea0,4.0
351ca0f97,4.0
41b3f325e,2.0
1e5fba5c2,3.0
efbc6b3fe,3.0
c4fa4914b,4.0
c1a0105d0,4.0
eea05de84,3.0
24a749cf5,4.0
6cd12b223,4.0
f75ef16b3,4.0
50d9eb08e,4.0
1d9b084a3,2.0
557b18791,2.0
872d0a084,3.0
6f35aa679,4.0
5f1a99014,4.0
820720238,2.0
a09a02848,3.0
ed19d5a78,1.0
7f1d157a6,1.0
5b1b64fc6,4.0
a76126713,1.0
55a13f499,1.0
70c322ca8,1.0
b759d6a14,3.0
48f5fa3df,1.0
835f0b15c,2.0
b000029b2,4.0
0768924b3,1.0
c3e62dc54,4.0
72123cd55,4.0
b40e4f9e9,1.0
a12e55ad6,3.0
cf01fc160,4.0
617e5fe89,2.0
ef4302021,1.0
7f5646199,4.0
d5d8f297e,4.0
78db7b8e3,4.0
ec92805e3,2.0
d8823e6dd,4.0
e76e72f23,2.0
ec767387d,2.0
69c0631de,2.0
8049de4a7,2.0
b6c980449,4.0
928357091,2.0
60f010c04,1.0
8aa1e6cb5,4.0
02d7d425a,3.0
3eec94b7b,3.0
ab8ab0e02,2.0
bddd0c64a,3.0
b7e885611,2.0
a0a0ddd80,1.0
d826ef544,4.0
08f0404e1,2.0
33f5c30ff,3.0
e1eaf1f74,2.0
e4618b7b9,4.0
a50d71570,1.0
4a288da21,3.0
9d9733860,3.0
73f318529,4.0
cca745253,4.0
eacbd58b0,4.0
eec125a4a,3.0
502911dbd,2.0
e04a35a41,2.0
5342033a7,3.0
cdaf456cf,3.0
75e4fbcef,2.0
3087667fd,3.0
7562239de,4.0
2378b2a7d,4.0
ea1a2b014,4.0
c86c3f3b3,4.0
87db66a72,2.0
9e8aed47c,2.0
aa4ec0b7b,3.0
54e04a9c4,4.0
4b047a13d,2.0
780edb258,3.0
f3c696dce,3.0
532aa2fb9,2.0
e3b49febf,2.0
1f27709ce,4.0
93b1fdf09,2.0
8d7fbf152,3.0
e46215f44,3.0
c26273a72,4.0
b6faa5d0c,4.0
831daae06,1.0
7be9199b4,1.0
a5b873b6e,3.0
b702963dd,2.0
a982d66db,3.0
81fa439c6,4.0
31a535f56,2.0
cc6abdd95,2.0
de097478a,3.0
f69593c1b,2.0
948ce715f,3.0
f9f2a222e,2.0
5a393e52c,4.0
bb55b187f,3.0
4657c608a,4.0
879067966,2.0
6fdc13751,2.0
058d9f3fd,2.0
4137e2c58,2.0
a0e97dd06,4.0
87eeb11ac,4.0
e0be7d774,4.0
d405dfce6,2.0
a6914376f,2.0
e6845a1d1,1.0
1ae728335,2.0
849b12fe0,4.0
7a82b099c,4.0
891b51d83,2.0
987c30415,1.0
fa42fddef,2.0
44664ad4a,1.0
cf38c80ab,2.0
5408a54c7,4.0
4303c865e,2.0
b39f6200e,2.0
97ebb54fe,2.0
717d8019c,4.0
98c8a3e58,4.0
29c57716c,2.0
46d2d6f64,3.0
dfd722c50,4.0
4487f2bcf,2.0
e5e796868,2.0
30e80f19c,2.0
1ae174833,2.0
4b4881b91,3.0
0e2869ac3,4.0
6e0ee24b0,2.0
a4de34766,1.0
9dc89cdab,2.0
b0bbd1503,2.0
1be0db8e9,1.0
85cacbcec,4.0
db1b7bf8b,2.0
de7ae1f0b,4.0
c9b70a7c4,2.0
8e3fe7b5e,2.0
8807673c1,2.0
e554dffbc,4.0
073f57c15,3.0
0f8b0cb3c,4.0
878904af4,2.0
ac3e0a48f,4.0
004cf6089,2.0
5cfe411cb,2.0
7ebafbae3,2.0
f9cf956fc,4.0
a53278ff3,3.0
19a0f671b,2.0
9b2f67c6e,2.0
6f3d75dc1,2.0
3ff5b908e,2.0
f3c74e463,2.0
145aa4d64,4.0
f42a5b81c,2.0
577ba4e53,4.0
1fceb7280,4.0
30ed97f23,4.0
89ba10c3f,4.0
073e033a3,4.0
01e7a25d6,3.0
53233df86,2.0
4c9e94650,3.0
48593c5b4,4.0
c9be84842,4.0
470653184,4.0
2a69e15f4,4.0
6f6064448,1.0
90f068186,2.0
55800cee3,3.0
87226c200,1.0
8d3c2d72b,2.0
27e7d47b6,3.0
d009e34ba,4.0
dec5e83a2,2.0
7f46433b5,1.0
252b6b562,4.0
d5d4d49b4,4.0
5a8bcdf7d,4.0
2916d13e9,4.0
78548272e,1.0
6b735add7,1.0
c0947cb70,1.0
31c85be7c,4.0
777b17bb8,1.0
b77b8ae58,4.0
9ad247ea7,4.0
9efba5681,2.0
4406a893a,4.0
c4692db05,1.0
777373cc8,4.0
70aad67ae,2.0
79523c81d,1.0
82ae21e62,1.0
8a51a7ca6,4.0
62b0a2633,4.0
8fe8a0b9d,4.0
c3fe885e7,4.0
88aaa8cb7,2.0
429746fa8,3.0
4a2f24287,4.0
c2c49887c,2.0
3155c4c07,2.0
696888b07,2.0
22c8c9238,3.0
63c2914c2,4.0
4bfa665fd,4.0
211dbc5e2,1.0
767f03371,2.0
e0c0e8996,3.0
741947e08,3.0
505037d6d,2.0
b11f91ced,3.0
93f2c9ee0,3.0
252fa874e,4.0
ee471427e,4.0
a9e1e154a,3.0
e2fd54afc,2.0
eb12b75d2,1.0
94ffdd93c,2.0
c3f088934,2.0
3b310f54d,3.0
e2005bb4c,3.0
f226ec9c1,3.0
fbe2a5ea8,4.0
b09467fa2,4.0
dc33adc1a,4.0
9ab81b3e0,4.0
8def469fe,3.0
bbde3314b,4.0
798456e7b,2.0
4e4bbdba2,4.0
75e64c6b5,3.0
f7b52283c,3.0
d8ad6c1de,2.0
53d870534,2.0
135234f32,3.0
2c688db55,3.0
aaf22f292,4.0
e5db86945,4.0
ce8fdd720,3.0
6180790e2,4.0
5765d8240,4.0
7f992a891,4.0
5a4ed9f25,4.0
7e322bd55,3.0
52acbc630,4.0
233d08bb1,3.0
ca15b54ae,4.0
e99160687,2.0
4ba858df3,2.0
62b065db7,2.0
be10ae529,4.0
dff8203bf,4.0
cf56161c2,2.0
1b3a195ae,4.0
b06e4a04b,2.0
67e33c026,2.0
21323ab5c,2.0
44ad04898,4.0
e629ebf54,1.0
f100e4b85,4.0
f9cac0fa3,4.0
8738eafb4,4.0
27b46c823,3.0
07b5f3344,4.0
d8baec065,2.0
45530ea77,4.0
d27346d04,4.0
13517ad21,2.0
bd8f9547d,4.0
2bd5ce781,3.0
7fe7b5c88,4.0
bdab587ee,2.0
287ff720d,1.0
6422836ad,2.0
614494f00,2.0
458683f6f,2.0
c4acee3dc,4.0
26b30a979,2.0
83d688b83,4.0
c2602732c,2.0
267df54a7,4.0
6069f575a,4.0
3bdf7f396,4.0
70aec7d9a,1.0
5e9da1643,2.0
fb61905a6,4.0
595a40121,4.0
4faf00da3,4.0
86fc4268c,4.0
47469eeca,4.0
37b855461,1.0
beaa42896,1.0
95b2810c9,4.0
e091a7dce,3.0
8cbc9e8a2,2.0
9d3774025,2.0
f59397152,1.0
a168290b9,2.0
d631fa033,4.0
970a3e0e7,3.0
f9ff5a90d,4.0
9aab47fe6,3.0
74fafd5d5,4.0
d3b38f1e9,2.0
a29f203d8,3.0
07bafcec0,4.0
bd2e2a613,4.0
53d7eab35,4.0
6094fd727,3.0
be541df1b,4.0
aaceff2f9,4.0
621f9c562,1.0
20b198c77,2.0
cf99678fa,3.0
ae360265c,2.0
7ec62db29,2.0
f1c5acde8,4.0
6d497c99d,2.0
f32678ae6,2.0
b95abc52a,2.0
f3425ad46,1.0
f00e82516,1.0
5da7754a6,2.0
dd0960329,4.0
f81080e64,4.0
3dd09498f,4.0
ba58e37f3,4.0
7bfa3138d,4.0
7af87b0e9,4.0
e031aa024,3.0
0ecb9d4f3,2.0
95a312ec1,4.0
0919b238a,1.0
9042d12ed,4.0
2b5349ff4,2.0
64438faa7,4.0
f8a723197,4.0
57a95d735,4.0
17ecb4550,4.0
58c4e9f5c,4.0
381bd3018,4.0
0fde2c7cc,4.0
ed6f693ef,4.0
c5f2c614b,4.0
1526cf0a2,1.0
55c5189a6,2.0
06fc80c2b,4.0
4d3a84704,4.0
87fbfdc44,3.0
fb2176a0d,1.0
021c9bd5d,1.0
569f0042e,1.0
0a4465e2e,4.0
71fcc91f0,1.0
d02c16ba6,2.0
2a291de5d,2.0
88920eb75,1.0
864c81ba0,4.0
f857fda99,4.0
c99e1591d,4.0
dc4092be1,2.0
082df54ae,2.0
fa8a8f28b,3.0
eeeb944a4,4.0
ef34344da,4.0
8f0235b3a,4.0
3d748805f,2.0
2b006b40f,4.0
c40649db3,4.0
0d1589413,2.0
1c7538aeb,4.0
ef326716f,2.0
211ea05f2,2.0
8e3321de8,2.0
093581205,2.0
aec43e224,2.0
cfa37c339,3.0
67fe5be41,2.0
3b33a44c6,2.0
fb6ded00c,4.0
e1dd34d5f,4.0
b05ec9a80,4.0
7f01bc6e5,4.0
c4111fca5,4.0
7bf18c1c9,1.0
56c8c337f,4.0
f74ed71c7,3.0
7000a0cd3,2.0
03692b443,4.0
24b8b2364,2.0
bcccc164a,4.0
7e8dfdcb4,2.0
782dbbb08,4.0
479b7da76,3.0
844805c25,4.0
1f21d5699,2.0
9333271ca,1.0
bdba33638,1.0
948f4c314,2.0
10359504f,1.0
46934491f,4.0
facb5e336,4.0
9386dbc07,1.0
ca694bfd0,2.0
ec1e7ec3e,4.0
b3b653e1d,4.0
048a377e7,1.0
19513f745,1.0
9fa354d57,1.0
e86fe4dc4,2.0
f2fabb48a,2.0
686045165,2.0
d3c4c75d6,2.0
d0393b239,2.0
d80129637,2.0
32a6aa751,4.0
c4d50addd,4.0
ed670fc0c,4.0
dd548bc9d,4.0
3318e6d2a,4.0
6b223a649,2.0
402afe862,3.0
b78ea4bc0,2.0
7fb5023d8,2.0
984f34ed9,2.0
0202e369d,1.0
396043c96,2.0
f65775415,2.0
5b62428c3,4.0
2ef79eed5,2.0
21ff37b38,3.0
3655904e7,4.0
89768b0bd,1.0
a24f3eee2,3.0
09880b33d,4.0
ecd9d828a,2.0
4cc279010,4.0
9421f60d2,2.0
4b4526666,1.0
1c7c616d0,4.0
2adae9684,1.0
a6b8c7aec,4.0
3d79d76e8,4.0
ff346b081,4.0
e4841c6d1,4.0
50c107f65,4.0
d3f92b1f3,4.0
79d31978c,4.0
309bf264a,4.0
845e7bedd,4.0
60d3c8540,4.0
a8e125294,3.0
31ea2e325,2.0
af8fde324,4.0
78fee18df,2.0
f93fb4c78,4.0
449b0cbdc,4.0
d916630e2,1.0
fb9e2816e,2.0
82024fa6f,4.0
7a6ec5f00,4.0
c2dfd359d,4.0
cad532968,4.0
9d27240d6,4.0
6f8b49b5c,4.0
bdcfbb100,2.0
c18d26fd0,2.0
363393ea1,1.0
ca3b76f19,1.0
546e1662f,4.0
82005ff6d,2.0
e9d55e2f5,4.0
4fe602d3b,4.0
d7fd89f97,4.0
943a36544,2.0
5072ab216,2.0
072a60555,1.0
63d3e5796,4.0
12c7f2757,2.0
9c24b555f,1.0
47783af41,4.0
abaef4874,2.0
c8c3d1078,2.0
375b35593,4.0
7e02aefc6,2.0
5b95eda2e,4.0
d9d1604b6,3.0
6c4629a2b,1.0
5564d4498,1.0
ea5e28881,4.0
0c9994b53,3.0
7abedded1,2.0
c23e38580,4.0
39da7d21b,1.0
303d1dd06,1.0
37d28023a,4.0
7297ad064,3.0
4888c9a95,3.0
189c9e043,2.0
0046c1710,1.0
9ce553cce,2.0
3256116b4,3.0
e110cef05,4.0
28c072abd,2.0
6a251fbc2,4.0
fc910aaf4,1.0
b215ad7f8,1.0
27ac0cb65,2.0
5230f1d6b,1.0
6aaa1508c,4.0
ecbd9d882,4.0
90f7bf086,4.0
9d74613ad,4.0
cb1ba3eb0,4.0
6f7493868,1.0
f8cfa7a2a,4.0
180521248,2.0
926bc4e1d,1.0
3ffea94eb,4.0
7f4d42de3,4.0
8825893db,2.0
922fd356a,4.0
4c278a44b,4.0
98a400117,4.0
dee088bf0,1.0
0d98a0e83,3.0
415f25b76,2.0
d95fa2b34,3.0
340145963,4.0
8f627a741,2.0
238ed0a35,4.0
63e065900,3.0
13f9e00f3,4.0
22a020959,4.0
3447d9114,1.0
8754a276f,4.0
4144d4718,4.0
4943a3a48,4.0
4bb3f423f,4.0
806ad8957,4.0
b12b6cf50,4.0
af0e5e60a,1.0
af4e4f8fb,2.0
c793fffea,4.0
00e0930c4,2.0
29a5eb091,2.0
fb08ee2f6,2.0
0fd70f983,4.0
2e4f75534,4.0
418a0ea41,3.0
cb6c83a0a,1.0
85234cd2e,4.0
116315e5a,4.0
b6d3f91b2,4.0
b0a2c5b80,4.0
d35ec4641,2.0
0f1be59d9,3.0
a8c50f796,4.0
36fdbfbce,4.0
faf6042f4,2.0
40cd6dd65,4.0
37a1dfb06,4.0
e2380436e,4.0
0a8ee347f,4.0
8ce330947,4.0
3c077a77d,4.0
ff461932b,4.0
85e77fc90,4.0
32e78e555,1.0
6d0075d4a,1.0
4698456ad,2.0
dd27f8382,1.0
b4bf00fd9,2.0
e54c14bfa,4.0
9399a7585,4.0
c683e9060,4.0
0ceb5743a,2.0
c2730a86f,2.0
7cf2dc7fa,4.0
635c67049,4.0
d61550faf,4.0
bea1e3a69,2.0
e69d57d0e,4.0
281760bbe,1.0
999095d3b,1.0
3bbb8a39c,4.0
c97c83a49,2.0
e184012d1,2.0
0ea2272a3,4.0
7931cfae9,2.0
7abb52209,4.0
b6da55f40,4.0
59d09726d,4.0
cdc6a4661,1.0
4389c53a8,1.0
f0ac6037a,4.0
edfdafb9e,2.0
5a1472807,2.0
90a9be56d,4.0
b532f31ca,3.0
b529dbfb3,4.0
79c1a290f,4.0
ac8a06538,1.0
b8bf93ab1,2.0
1312ac06e,1.0
82a34c159,4.0
dbc64076d,1.0
57c53133e,4.0
dc9e6c9cf,1.0
58534e0c2,2.0
b36e7586c,4.0
a96220890,4.0
1742c791e,2.0
3abca6400,3.0
33ef951c2,4.0
96b2b1be2,4.0
ae5e09a05,4.0
6b95d510a,4.0
5af680876,4.0
b24eff5ba,4.0
7c93d708e,4.0
2261bb5bb,1.0
4c706f3ed,2.0
3ad251303,3.0
458f00e08,4.0
535be46e4,4.0
11f5d0e1f,4.0
08f7b1165,1.0
f7cbf3cec,2.0
593293367,4.0
c1ffb1e18,1.0
812b69698,4.0
e1f5e56ca,4.0
dd78fd4e5,3.0
6987f1f6c,3.0
eb202445f,4.0
5523bad2c,2.0
44b20d6b7,4.0
831f7ee13,1.0
691ab8f2c,3.0
8680b9acc,4.0
56b31dfc8,4.0
13b608198,4.0
d4ef988f6,2.0
a77e073a0,2.0
a0ec7cf40,2.0
8aff1201e,4.0
a12a10d00,2.0
a16c6b680,4.0
a1ee4f201,1.0
50f9e8f17,2.0
f4c44b59d,4.0
907169c5b,1.0
4491de321,2.0
ea7598339,1.0
ad801a8ce,2.0
d5988d870,1.0
a5d86ea68,1.0
2e3449b33,1.0
f5d06788a,4.0
720eff32a,2.0
4af176d8e,4.0
2a17e8f4f,1.0
3b3a99a18,2.0
692d73b55,4.0
d65a7de49,4.0
7a095d876,2.0
865e24ae0,4.0
a29f49d6c,4.0
199da5b6a,3.0
e33d26ad6,2.0
f2bab5d80,4.0
2104caaf9,
de45fe798,
e5e2873f1,
f18291f39,
646e56f49,
666bd3fab,
47eb6ee01,
8976b7cf4,
6dcde77ea,
5e3e532b5,
a98931539,
1ffbf011b,
c562855bc,
a84af6ee2,
6899a9e01,
7776e2d5a,
2452e35cf,
f8bea5412,
2ddb52b59,
b062268cf,
e9f1cb6fc,
890f524ea,
b7bb469a6,
966a52844,
d656d0310,
a377f17dd,
249937485,
a069b68f4,
5ae2c6586,
520d525ff,
3a15914ff,
04bde3a71,
88305c625,
33d6da4b6,
e19863a14,
492e3ceb1,
fc8b748d4,
021a9de0e,
94f6ffdc5,
eca91551a,
43345b4d1,
e4e95454d,
f4d2ef282,
c46cf28bb,
7853f1e92,
2a91e876f,
d10df409c,
b93342403,
d36ee84f7,
9524f76a9,
b071e777a,
c5d0607cb,
6f88e50dd,
58bc50f1f,
da5d53c00,
ff6a36405,
1eea05736,
1710b366c,
c59084b7c,
f5dbd310e,
f939792e8,
9d89b799b,
1d02ad034,
226380287,
8a59526f6,
249509f8a,
3a673e7d7,
db6e76992,
e0289dee8,
f5a8a54ce,
3d01f71e3,
4839a3341,
4dfef2414,
61cbbdd94,
f31b80761,
2d3dc1e5f,
21b9aab99,
be7a29ccd,
efbf3fdeb,
a818819d5,
65fc88ea0,
42ec28f72,
07c6aefa5,
9801f4683,
62b8e9b2f,
01875b8d3,
8d676b37d,
bc9558ff2,
b6bb74e90,
13344823a,
2285258d2,
b4be456cd,
57782e75f,
6211d8c3e,
d24706633,
a5ae6d01f,
a3fec2010,
4e69d6c1d,
0225d2093,
f17310c7a,
74c030e17,
173f58d6d,
1bb5c925f,
543d9876c,
f2ec4f702,
89d0b4fb6,
564de5216,
f1145e2cf,
14f5b8bc9,
d6cdc667d,
e755eac8d,
155a65f45,
ec40f5094,
8127fc86a,
c582aebc9,
cf92c9e53,
f04a92a4a,
2d7641a19,
87fe1190e,
c34aee1b5,
bc02cb144,
18cacd57e,
d9178e623,
de2bc6e36,
04bf94e58,
c4e6813a0,
e620584f0,
6d3d182a0,
81d8fd9e5,
6c8c56c67,
5d1837cd4,
b2fa9e76b,
b8a186468,
97d1d73b3,
ef33e9e92,
be0459ccd,
8dc7050a9,
8765b34f0,
0d08cbd65,
09bcbcc17,
1956274ea,
c8d83fb64,
e1a495eab,
16798ef33,
0f7cc9fd2,
0f9b5ff24,
5e1e9c882,
f08aa7ed0,
501e6fe63,
492eadc03,
9363d667b,
6a0735a13,
403526eb2,
f23747800,
17d68cef8,
d1df0dad6,
6f9a671b4,
d099b1398,
5d3bb458a,
dbfefb3b3,
97fe38408,
b67e41f4e,
6b21752ff,
6180f6ea5,
a6c057095,
4606d080b,
c5ae58b37,
64b9f1fda,
0dcc28c74,
e2bf9f9d5,
6007379d5,
392549cdb,
c196499ea,
bb23a06ee,
75de594dd,
a37639b9c,
adc1072a0,
ad69768f2,
31b2ab140,
be78caa07,
e58935876,
d8ce2e155,
604aa6cb8,
d72c7293d,
d6c907902,
c081d3629,
617d58794,
264ad33c1,
f40eb5fc7,
4fff73fbc,
53ebc9425,
26aa5370d,
91d0fe78c,
a317c7e9b,
51cacc4b8,
96b4e9b27,
26bf3371e,
2f3988b4e,
11e4b614f,
ac3f4aec5,
be3541c2b,
780c51dfb,
492d4d9d1,
0d5b06046,
a0b61a03d,
a3276b6b0,
656459c70,
5000e7fbf,
544ec9871,
0b44f7b2d,
6d274a559,
794b6afa7,
13921978d,
3a28466a7,
620cca3f1,
eefa6bc4b,
49f8c1385,
e38d6e4f5,
9722dfe17,
6f5c2fe62,
d860e093a,
83e0eec2c,
750acb170,
6ebd84e06,
2cebcd19e,
82980ef15,
1b848cdf5,
f0d308e46,
2cd5096a6,
4c1e81d8d,
395c4755a,
81ac0fb65,
50dd87537,
eb137420e,
df819f3ee,
32452548d,
1be31efce,
b5011ed9a,
97feb67a8,
8cf4c5c06,
3b9687893,
d7e104a48,
377525d70,
696594a39,
ba0ba7f44,
1dd9721f2,
666106b61,
1d8495b98,
2cbaca583,
27f70f392,
90680906b,
94597d934,
24c6b615e,
4688625ef,
d77ac5f93,
063fa26e1,
3c2ce0ba9,
4404e872a,
84e1db7dc,
d82750586,
55ec0af11,
2c21622cd,
c1557abd9,
7eaa87d85,
edcd62673,
af04c6a53,
13d7443f3,
e00b300ac,
1da2421c1,
468df34cf,
cd1449614,
215444947,
e16ded132,
64da5bdfb,
728a8abbe,
d33a513b9,
909ec4551,
cdf9f66bb,
1a5b2e7f5,
5965402ba,
f90a6d4c4,
a5dc0bbbc,
b74bd3020,
d0c8d7387,
80e3af9d9,
bbd1d4ce0,
af55ed15d,
80ff8b48e,
05edb2128,
340ecb533,
4eeb96cc3,
fec4a755c,
bad0fb576,
9178579bd,
6eabb467d,
36fecc4c9,
4a96d8135,
85b473fcb,
e2f1962cc,
1a040afde,
03dbbabb2,
acdaee1fe,
8104be332,
4e0c8b399,
343110be1,
204635b74,
b6cdfd1b6,
48b0b3d3e,
53dd0049b,
c1a7655c8,
120cbcd94,
a3cabb21c,
16c22e266,
6c503f822,
6e58b7b25,
488b3d3c9,
2d93f0bcd,
90c076d07,
d77000c72,
ab2f40da8,
1a778db04,
a69bcb570,
0fc9527f4,
5b211451b,
43f1d89d3,
049e36678,
9f61094e3,
1f69be259,
e90037f58,
b65d0a984,
6d4b0c3fe,
dc3e4941b,
ac67e44d0,
1e2de68b7,
9394c8f0e,
66b44fdb3,
ebbee9521,
2ba214359,
bec357108,
f8fba9187,
8a043e726,
734a6d4dd,
e3eb4f930,
d32369074,
c86a2a0a1,
c27d5330d,
fee53d60d,
47b7eb84b,
355ad26e3,
751d8b175,
74670724a,
cc22b55f9,
80b634cac,
b1abcbcf2,
72640001c,
8f1e51824,
f7d08e1c3,
3a7672d05,
810d4289b,
109163b2b,
cea1e7845,
a2bdcdf43,
93bfe3b45,
a81c4083a,
d1405c482,
da68d90bc,
430c7ea97,
e0e62dbf1,
615069b7a,
a94f82184,
c4c846cc5,
7d8a1df6a,
17166b40d,
13f4f8d56,
ce81260f8,
f8110e44e,
626f21a1e,
7ae197acc,
015908ecd,
464155b72,
b19ca2e62,
6e388ef09,
08ae3eed1,
9c05b8a69,
1e699664a,
b9ff9ae11,
4d14064e1,
e469320e2,
a893ddc9e,
9b47ee109,
bef4865b7,
048e1abc5,
8f2f6c34c,
dfc29cb25,
f6cd9f56b,
b0a668568,
23909197e,
82a8df609,
314154cb7,
1e46578c9,
2b61cadd0,
340889612,
5b99137ac,
b588edd6b,
452addaa7,
191edbe3b,
d3b88d06d,
0b2f6de07,
4dd4ef76e,
868a6b282,
3e8500c2a,
fd9b5220d,
82ef0904a,
f8bf1f182,
b450df98d,
e4bfe1a51,
a66cf0ee6,
1961d814a,
8a154135a,
8f9f7d3bf,
ee8197788,
4dc8a3de6,
a8ac8b270,
9303a5a96,
f0c4bdaa5,
bb7a0dfd8,
adb569968,
4dd31f93d,
c4aa1d0ef,
0de1a6efe,
c250a6441,
9843bb7d5,
bde4e196d,
ccd3bd37b,
3ca634c68,
511351d55,
deeab0fc5,
5fbd4aa53,
814e4dfce,
91c57560a,
d3f0d7228,
e85bfa7cb,
9e3c82b5a,
8eedeb405,
fc428902e,
50ae487fc,
a33c493e0,
158676d7c,
3d4f0fdfa,
d58bbc78f,
7112385de,
18900149e,
a7900f4ec,
c12240672,
fe8797927,
da9bfaabc,
eb34642e2,
6e72dafda,
169a47ceb,
b1a73b0b5,
26645d7da,
318800c44,
a90798045,
f23b5b477,
2ee1902e6,
21b47468d,
89c864b4c,
9595e492d,
159a08149,
45b43d15c,
44405c1c2,
81cf77a54,
fd56d5adf,
a2d789b33,
caa619b24,
63373bde2,
e2f74b914,
2ca54759a,
79304a92a,
a8967b31e,
e4e371d1c,
72d018a35,
14bcc4bbc,
dabf95220,
3eed772b3,
3bbb69d2e,
f1d3cf2ab,
36d94f9cb,
922418176,
73f415b05,
55f4b8bce,
6132d96a4,
716cb539f,
527395d87,
34c8e456b,
5fcd4c375,
647e1be95,
62fa55a91,
ca3eb54e1,
6b05a04d2,
e6e981d78,
8778a9795,
d2f3e3e49,
58c0aa81a,
8f1e6e6c2,
88a0b1238,
48a067308,
d56dc92cd,
fe5560b70,
99bc2a7a1,
5c12667cf,
5d29f2f11,
810167339,
52a0a3cec,
31fd29beb,
eb6c41d6e,
eeff4034c,
d57da0106,
570c5ffad,
19d84f9de,
12b8e4da6,
e739d7511,
a3b0f3b7b,
492709e57,
c67b5c182,
9eb87edab,
8e6725dbc,
9f033fb12,
67832af51,
5bee7560b,
c6b44f4a6,
3cf371788,
90dc5236b,
bc8cea83b,
61217d1da,
0dbe0a1e0,
294c406a4,
e433950d6,
3faa593ae,
780a11e8d,
663a6ad3a,
780bc6ac8,
9854d0dbc,
858cb8fb2,
1854cbe64,
56400fc6d,
3a6f2ca7c,
b1b29893c,
15c078a1d,
627896ec6,
71d223ded,
c871ea250,
c162b0da6,
1ec864536,
6e207f192,
4b45e3d52,
769c05615,
4a79d0950,
a3ccc451e,
4c93e6f35,
46b61a2d2,
bc06d9ea5,
0575615fd,
cb6f9335a,
a4d1de41c,
ff1572529,
630891c65,
2e81f8cef,
508811830,
9a8ca9c92,
5964afef8,
cd802e76d,
cc0b7f03c,
681e534db,
9406dfde7,
a2f0eeabd,
2fa420bfe,
59f99eb7b,
e2d8f6d49,
f897ce4ca,
33a84e982,
6b467cb2c,
775496f57,
1a5f780f3,
5d3a4b13e,
50a4dfde7,
ed577f8ab,
1b5c4d501,
b149e391c,
2098c5f0f,
81a0ebc2d,
8d63ab362,
d1e418fba,
b9e9b509b,
770645378,
56a14ce4e,
4978f492e,
0a7828493,
f03f3659d,
cdc0bf103,
68a9559ab,
18421f390,
1c4a812ae,
9215a884c,
8e52286c5,
7ad5a3645,
33afc5ea7,
1c99fc32d,
2c7904769,
924323d36,
635d7d444,
59898b90b,
d5f80ffa1,
bab6d2bbc,
1145e3572,
310e11cd8,
1f7f25cfe,
ff736aed4,
52d52114a,
d949d3c85,
c68267a21,
6fd6bbbac,
1e1acbecb,
83e756b85,
eaf4ce405,
3bb5701db,
bb88016dc,
1edeefc59,
c3979d74c,
a3c11ffc0,
5f484ce83,
d5dc8e2ed,
b5a3de47a,
22bc7ce02,
1d6e5cf3a,
7a2f298b1,
410a26705,
71f7faec1,
8996af30b,
40317cc21,
5e8ae0408,
66ee92015,
f308d84f9,
a83316db9,
4ec74bd2a,
1fe6926c9,
8fab79bce,
14dac66d4,
0723c702f,
d8a5cbf50,
abad54d9e,
dc799e6cf,
66e380876,
c9beb51d4,
adbb5691b,
34b07073e,
faa44e335,
6aee6ba64,
ce6d26ea8,
95d3eeb89,
a66fac828,
b8cee8864,
d143d39b7,
ea90f4eac,
1763f6e8c,
32b0f73c8,
8a44d1d0a,
ce08bf758,
35ec1a697,
9918c8c44,
8e927101b,
e71ce9398,
3701826a8,
e394a70d8,
88439d7b0,
f720565e5,
c9bfae3ca,
fc5e93ddb,
ed7eb98b9,
9df6e927c,
9c60c63f6,
01f72959d,
d5f7c611a,
fd3d262c3,
1bfd3fba3,
5d9384a34,
2136ab169,
8bc88a336,
559ae5667,
e881219a0,
b5f9c95df,
48fe551df,
d4bae51c9,
015f125b8,
ad3449695,
0fd8e26c1,
90d66cd6f,
c306658fe,
b94aa2e66,
498d70ca1,
f931a3552,
08daae591,
dc4502e25,
bfa7ed240,
a4c5e45dd,
f192616ce,
76e0bf879,
1d0223148,
0b9384acf,
6e3e2b85a,
4509290d7,
d147d16ec,
5e3011a62,
02ffbb348,
0a5129c92,
20671ca51,
e126dcb77,
470343a04,
12044707c,
c09a0a00a,
421becb27,
aa22c1563,
166503620,
618dced8e,
419d49119,
caacbd257,
7e7d7f1c5,
e3865d96b,
63d17a5ad,
3e385e1b1,
42635012f,
5a951896b,
c017a7d6b,
5f3432403,
03d14e004,
db74e1329,
0131eb078,
a987ee384,
7600dfada,
cbfa8bcdd,
270ca7309,
16a43d1b1,
87a8c0f0d,
33dfbe188,
22f85ea8e,
597788b4b,
182e0e5dd,
0536a14c0,
4228045ee,
1e3566cbe,
398fec4a3,
c15e547dd,
71d2e9e25,
e840929be,
89a97a4bb,
b5f30bff1,
45bd144f5,
608e5b66b,
672ebfd9a,
fd1ff90f8,
2366fd140,
7e46d59c8,
d6efb85e9,
9d28f0f59,
b17afb2eb,
5ec5914e5,
4432db7d3,
ffd4fe065,
ee1ddf5ce,
679286002,
02519d368,
b7ae6b9cd,
cd7fcad63,
b5ecc08d6,
22e87dca2,
c692d4b45,
a30967d48,
600c7d1e2,
02b1ab523,
2c5ee0b49,
ebdcc42bd,
69baefa84,
3cdb1a596,
418ea400f,
49157aaac,
cf0d70718,
23a703329,
85426f467,
ab6048c53,
f5ad400b7,
498106649,
3360d56c0,
9a047f96b,
06a470022,
5344ddf4e,
dcbe7cae8,
bcda27f26,
2b01a74a9,
b80dfae6a,
e1180bfcd,
9e51a9790,
b029230e4,
8a1bc271c,
f21c317cf,
2954b46c4,
8d0e790e5,
399fa2574,
83eab3ce0,
f223cd020,
3010871b7,
1706cbafe,
f640756a4,
50066d150,
d784f7fd2,
b32194b94,
af032a52a,
d97b2d534,
4864eb58c,
b4b9b0153,
cd08d8571,
6c7675e86,
491b8c806,
0ad57c36f,
c0ae23371,
0fcb4800e,
86c5aed68,
5892f955a,
2e200d64f,
bce8d916d,
d4032d9a3,
54188270d,
3de179c07,
7ad9d255c,
d6ed5dfec,
3cab9e59f,
27d4ec9c7,
dcc8ba1a0,
68a7182fb,
34feb9441,
74c8c6941,
b749ed372,
66f86bfc6,
bcd947bb6,
b22b2c9ae,
78dcff888,
5b3a46aef,
8808ae25a,
ad84ef170,
35fb4b52a,
a1713b945,
fe7acc3a4,
89c7a954b,
cf162fcc3,
ae7fee136,
c2df334d9,
bd60fa3e1,
02c7507b0,
6d2a3b9c3,
68de9202c,
f382426dc,
bc4a10a21,
cbbb7f5c6,
cd457aba8,
274583307,
5191cb99d,
c6d749ab2,
3d2e660fb,
cebf7bb09,
970f45412,
b2ee9c7b7,
f573a5446,
636f53bb7,
5ee29107f,
1b28b1fdf,
d460338fe,
88a4aad35,
a0c8140f5,
3057d4d49,
4d632070a,
ca5f98a97,
22a94e714,
732202694,
59f3943d5,
3abe49dd7,
c5ab0b9af,
dc0d4f14a,
9dd6d4d6b,
c1887daf8,
2fc95bdf0,
2d11c301e,
ac47a02cd,
507922ae4,
4a983bae4,
f2d9c8306,
c76364116,
1540b97a6,
7740a0272,
7d8a249bf,
629a4e6fd,
451f12bac,
305d685bf,
5148edd39,
b83351b7b,
92bd6899e,
664f1e2fc,
70acc40a4,
0ddc7d3ac,
035582f8f,
84b14662a,
1b8d3ff56,
a0591aa18,
60a3481ec,
031da46f7,
4c98ba1e5,
be27a9e19,
c0c98962b,
86fc61089,
3f86154cf,
fe0531700,
7b3ab3ad4,
5d9a28223,
004682b50,
badf057cb,
759dfb282,
3f6fcc67e,
4b5d368ca,
31f9fa1e0,
e3ca4f2d0,
ec490205b,
7c5988282,
7829548b7,
365fb3a96,
e65540b4f,
3a60ba6dc,
1c11185f4,
042d0d192,
5232fd036,
76dfac4a1,
dabe705dc,
5946a80c6,
4311ab46a,
bf3f3d3a5,
1503a77d2,
919d37b36,
fe099f48b,
05257447c,
32b44785c,
c16d1cce2,
4fab97693,
81d9e0ce1,
42c2bce02,
e122e5cab,
ab274b176,
975298673,
499909f04,
71b1e25bb,
0be96ad8b,
f2ad92283,
a3aa0993b,
6834e2da3,
d6e620f87,
0ccf2fecc,
a4849f4f0,
1b143c468,
e6342c172,
bf43c64b8,
40213b255,
914f2de70,
60dc7a869,
cb4fb933f,
560a38b5c,
61453c43e,
1e55008d0,
44f54a0a9,
f872210bb,
846937574,
a1eddc185,
a6bb2a0f5,
9677159a5,
5358914db,
826e7fede,
11b859665,
b5a5ec644,
dfa0ff644,
a49f5a481,
dc64dc5f4,
577126f85,
2f0c29529,
6790b71f2,
e876c142c,
7bec80b02,
d77d11ccd,
13fe509ca,
b72537712,
3d20d52f1,
cabbe9d14,
800ca542b,
5b3151e25,
d51ba0fce,
89815c687,
e87b4fdbc,
8d7f3f71c,
b8bea2c62,
ef306b0f9,
1ff198b2c,
06983c308,
23f664cf6,
8650fce42,
b4b7512ad,
4586798a6,
e5ec7709d,
fa0b958ae,
85fda19ab,
08f25f7da,
fd6a10dd8,
3b22e5249,
4f244a307,
34e4c214d,
ce637df13,
e07d8debe,
5c23692a4,
4dc690fca,
40739eff7,
d24a644d5,
e25b59349,
2d7a91c59,
e5bbe3e54,
73c10e136,4.0
72000c4c5,4.0
e147a4b9f,4.0
28c4b1b13,2.0
d134dec34,4.0
7b070aed6,2.0
111e67cd2,4.0
d77fca061,4.0
95fad0a75,4.0
7f819d0db,2.0
9f60fc089,4.0
ead84ae08,2.0
7d266f64e,1.0
ee31cafb8,2.0
39795544e,1.0
ca34f08c5,1.0
07dfc8e89,2.0
1e79f1a74,4.0
0603e450a,2.0
f8c7d5162,2.0
35edda33d,2.0
128337e08,1.0
1a92f6e92,1.0
68801b60f,1.0
fe174feaf,2.0
6ab47c3bb,4.0
3972dce9e,1.0
6e4ba0bbc,1.0
d683ca8e2,1.0
6d19b5b19,2.0
427a7d9a4,1.0
27c72b14a,1.0
76b8cdefd,2.0
b590148db,1.0
c143aa174,2.0
3ccb69d5e,1.0
4ccb74caf,1.0
ae6da35ad,2.0
31896f476,2.0
091271d52,4.0
7977c1678,4.0
c584098d4,1.0
7c0eb87d7,4.0
bc2140510,4.0
500ddcf93,4.0
f9d04b2c1,4.0
1895238aa,2.0
7410e4590,1.0
238a79d8f,4.0
335c29a28,2.0
9b7e7d728,1.0
9bb49d92f,2.0
47edb873c,2.0
0de470e08,4.0
fcbadee1d,1.0
b245ba4ee,1.0
a752c78f4,4.0
201dab625,2.0
4fb06e56b,4.0
57fc14141,1.0
b5f878e59,2.0
dfa4ed447,1.0
9685bf777,3.0
bf5e0d442,4.0
78a8f8a07,2.0
92143aaee,1.0
f72282155,3.0
aac356b94,1.0
f86d87b63,2.0
e38b05c0d,2.0
b058642e7,2.0
655867ece,2.0
e024807df,2.0
4192f7f1b,4.0
2b9c8cfa6,4.0
1640ba06b,4.0
bef3d72f4,4.0
7fda5f5f8,4.0
67405624c,4.0
96c7bbbaf,1.0
6bbf1c7a8,2.0
5470874da,4.0
677287d56,2.0
10888c73f,4.0
c941bf351,4.0
db6972cb2,1.0
a657b0ea6,2.0
e9143cfdf,1.0
c1805e832,2.0
261ce8fc3,4.0
de136c13b,4.0
8ed7d0992,2.0
da111ef86,1.0
9af944fc5,2.0
0325c6d0c,2.0
b003e8b9f,2.0
889bfaf96,1.0
a4404351a,2.0
3a00823a4,2.0
5e98f3ff3,4.0
d8acef713,2.0
b974a19cd,2.0
df21b3124,4.0
9b01e4b24,2.0
387ae48fc,1.0
1ee21b297,1.0
8fd546c6f,3.0
dbe6d4fd1,2.0
09dbd2f26,2.0
2acdd3a56,4.0
8b6fd3411,1.0
26f787401,4.0
cea74a1f7,1.0
df4f4130b,4.0
ef6b5d97f,4.0
97a07be8d,4.0
b079f32ce,2.0
964243fcb,2.0
6c48a45ee,4.0
0f3aa4636,1.0
3bd5dd377,2.0
bd86f3b7c,4.0
4af2a37ff,2.0
0dee9d530,2.0
1430f6686,1.0
f6b750fa0,1.0
851572525,3.0
b8821af5e,4.0
7c0cb2781,4.0
5882f07fa,4.0
b4dbe4f8d,2.0
58834bef4,1.0
d32ca0658,1.0
0a4d04d13,1.0
99c6a442d,4.0
99a0d761b,4.0
5cfe97f4d,1.0
5edfbf6ba,2.0
0b1d74132,2.0
90336856d,4.0
8f52ecfdd,2.0
cd4d7d073,1.0
ad4d4083a,2.0
da11448b6,2.0
0eb92ca85,2.0
60dc59d7e,2.0
de5a1529d,1.0
df90f6792,1.0
a5c61707b,2.0
f31765a83,3.0
f554997f5,2.0
b4b53b798,4.0
5eb07029d,4.0
7aa891436,3.0
53d7bd640,2.0
9e1db93d7,2.0
002d58f95,4.0
801ce34d9,2.0
971d25a97,4.0
82203c5da,1.0
9a5b91c0a,2.0
838c99628,3.0
04465b5e7,4.0
3f9fd0166,2.0
baa12ea44,4.0
0584689f1,4.0
3bf766f12,2.0
cc854698d,4.0
0f14425da,2.0
6b0e3e8a4,2.0
26cad56b0,1.0
9f814c16e,4.0
1d7cdece4,4.0
8ad63f37f,4.0
a7d5c2242,1.0
c43c466e3,1.0
c3433e19d,4.0
1b5943aaa,4.0
92ae90261,4.0
e938a1e6a,4.0
82214f3a4,1.0
28cd684a5,2.0
8bc2c1ead,1.0
cb8d2a118,3.0
ac13c0cd4,2.0
7400342c0,4.0
20647571b,2.0
feea78c0a,4.0
79d37667e,4.0
926ef2f60,4.0
20f58ed95,2.0
ea6f66062,2.0
d26296a67,1.0
995728b7e,2.0
c3fc3bcb8,2.0
a3ea76f09,1.0
b51266b11,2.0
2801de50d,4.0
0ad9d4fd0,4.0
4f1941c1b,4.0
39cc80de9,4.0
223f25172,4.0
b4719ca7c,1.0
d56197b06,1.0
f3e46aa6e,2.0
772111493,4.0
26b387591,4.0
da4823525,2.0
f1e8168ce,4.0
6a6d80b9a,2.0
22d0da252,2.0
af52f13a5,4.0
73415ac0e,4.0
97fadb81f,4.0
f0a9e7880,4.0
1265338d2,2.0
8aaa5af7f,1.0
58af044bb,4.0
a4974980b,4.0
83bf26924,4.0
f1eff69a3,2.0
3b9dd74b8,4.0
494442e83,4.0
9466c9b36,4.0
000c21f80,1.0
a226c0872,4.0
93750c323,2.0
c98ae5256,4.0
f338db3f3,4.0
beaffb689,4.0
6cae4ce75,4.0
4797fd404,2.0
79c97b719,2.0
a462f03c3,4.0
269dbc193,2.0
936ae4908,2.0
534f1885c,4.0
4057b6a41,4.0
2536623e0,4.0
3b63a0ca8,2.0
513db5e47,4.0
539c9ec3d,4.0
2046cf663,1.0
a93de89f5,2.0
e469e18c1,2.0
aca756485,2.0
26302a794,1.0
57d7b2d43,1.0
c7a275165,1.0
d1bb3e502,3.0
e37322e54,3.0
71d90d199,4.0
a9eaa8041,4.0
7ab900c01,2.0
c333a003e,4.0
2d9f6b906,2.0
511301e7d,2.0
a2200e8aa,4.0
98e640678,3.0
19d861c85,2.0
dd4077415,2.0
e00384dc6,3.0
0352a0ce5,4.0
23cc351f5,4.0
d2e1a5a68,2.0
3b68427d2,1.0
7293da62a,2.0
088a4b4aa,2.0
c1f8b346b,1.0
c40b151c9,1.0
29c3d2e34,2.0
04af1791f,2.0
49b82b06e,2.0
d098e91c5,3.0
c13e5f667,2.0
d15797630,4.0
cb6587025,4.0
cb3310666,1.0
44704879b,2.0
b21c0bf53,1.0
3895b99e3,4.0
252403a98,4.0
0118e0990,4.0
03a6f3852,1.0
445810c68,4.0
5d9ecb00f,2.0
aa373cc64,2.0
771f02e42,2.0
0626c67dd,2.0
d3987ecf5,4.0
38d96666f,4.0
988e47944,4.0
ba7dcba75,2.0
2d86ffa7a,2.0
c6aff3fd8,4.0
085129474,4.0
31eafe6ef,4.0
965005fda,2.0
f8e75043b,1.0
6cfe2748e,1.0
64e00ab2c,2.0
7c2a08f41,4.0
c270806fd,4.0
b9de9ecd8,4.0
0ce1b66ce,2.0
1b5edd6f1,1.0
37ef7dcc8,2.0
39fa339e3,3.0
4f9a4bffc,4.0
50c0a9329,4.0
0df2a6f99,4.0
29de42f4a,4.0
31f602634,2.0
350caedf4,4.0
5be8cfc67,4.0
fa09fda1a,1.0
d2ad766f6,2.0
6591264e9,1.0
ff23007d4,2.0
3ff5b5ca1,4.0
a74a6d785,4.0
ee551ddfb,2.0
39b7c97c3,4.0
aa1d5638b,1.0
e685f3c4e,2.0
68df30c4d,2.0
c489fd162,2.0
9447414ff,1.0
40802c588,2.0
d272784b3,2.0
c4a3f5215,2.0
7a12b2af4,4.0
370280ff2,1.0
f267a1a66,1.0
63efe7744,1.0
9edcc7dd0,1.0
9428467e8,2.0
3bec91491,1.0
eb44980b8,4.0
d3be56103,2.0
40632091e,1.0
c246aa80f,1.0
7ec454420,1.0
2a2f4be17,2.0
6692d9946,1.0
2954f8aea,1.0
915799ea3,2.0
3bfd36967,2.0
923492de1,3.0
8c5f5b628,2.0
eab225174,2.0
87777e68d,4.0
73ac66cd7,2.0
bc8a14000,1.0
d41cc19b4,1.0
8e9b7ecb1,1.0
7ab6a6192,3.0
0ff918b94,1.0
784441a4e,3.0
83904959c,1.0
9f56cf32e,2.0
5d0cdc3a7,1.0
6c221a562,1.0
417802258,2.0
643f275eb,2.0
7b40b013c,4.0
ddec80496,1.0
8db9935ba,2.0
10f27e489,2.0
dabe2ca11,2.0
116d04a3e,4.0
72e59dd47,2.0
2e2c1d082,4.0
3ef8e3c10,2.0
f8868d690,4.0
7e008e818,2.0
c228f4293,4.0
35c34bdfd,2.0
8dea28408,3.0
7597f4210,4.0
591f0a114,2.0
3fa5fba46,4.0
fadbbfecc,1.0
b13517268,1.0
bb134e98f,1.0
e69d158ac,1.0
46ef6e10b,1.0
205ce681c,1.0
0afed346f,4.0
d380a2bfc,4.0
610f23f00,4.0
e12e6c77d,2.0
82fd13a37,2.0
be4053473,1.0
a57ccdf7a,1.0
5f4c5316a,2.0
487d249ee,2.0
d1d32a8d7,1.0
db9c0253d,1.0
21eca6014,2.0
f1c064a0e,1.0
ad70c12a7,1.0
3fd24c3ef,2.0
3563d1d53,1.0
e41d4efb8,1.0
b814839bc,2.0
5f35e89a9,2.0
b0a4f19ff,4.0
1cce3f324,4.0
81b9901db,1.0
8b801f2be,2.0
d505bed08,4.0
1bea8833d,2.0
b2a29d333,1.0
f95f86b17,1.0
bdc163732,4.0
bd8e74a80,2.0
63c8a07f4,4.0
630794d7d,4.0
984df9850,4.0
9dbaf8a68,2.0
5557ba20d,2.0
37968daed,4.0
4eae62f07,1.0
65d6c3290,2.0
d0ad242be,1.0
43162a244,1.0
38bed8f85,2.0
f69f6cf25,1.0
455fe1272,2.0
1585e31a1,2.0
bc309b188,2.0
7ddceb832,2.0
72bea1f70,1.0
ef874a565,4.0
ba4754079,2.0
eefd0bf99,4.0
ace2fe01d,4.0
9f3e1208f,4.0
2884073d9,4.0
ae1bf1397,4.0
e1cf1e592,4.0
413007d3f,1.0
a51a4a91f,4.0
3f6d04efb,2.0
a74ee2c2b,2.0
5f4bfd5f7,4.0
8d2be7f16,4.0
2bccc705a,4.0
49897924e,2.0
56a425609,2.0
5458ccb3d,2.0
0df5238d7,2.0
1548bba9f,4.0
5c6805939,4.0
d209adf87,2.0
65c748792,2.0
5ed9e0442,1.0
ca768e7de,1.0
875195d55,3.0
2b17e08a7,4.0
3fa587b7e,4.0
63935ea48,4.0
38af4c7e7,3.0
9ed4273a5,1.0
0fab3d2ee,4.0
51eb1b4b1,4.0
722bdf2a7,4.0
ea53b9c93,2.0
dd11efee2,2.0
daf0475ee,1.0
d800b8143,4.0
f9f69faca,1.0
ee2b30c38,2.0
7ead7ea3f,3.0
87d5053c6,1.0
169b9ccc5,4.0
4ab4710e0,4.0
b661e13c8,4.0
ffea1ef51,1.0
d7c87febb,1.0
ef4d4d0d0,2.0
1cb33307c,2.0
4c7270fba,4.0
04204b8a1,4.0
3d80aedb1,4.0
f8af3929c,4.0
409f0a30e,4.0
fa752a9b7,4.0
1b9bc20ed,4.0
c3868c29d,3.0
8ec13a66e,1.0
d787cfbc9,3.0
c3dea2b43,2.0
1a251e813,4.0
734ae4be0,2.0
f3409ad0a,4.0
bd1cc6b5a,2.0
8f55ec42a,2.0
f23593596,4.0
12c8ae39c,2.0
8e5a8b127,2.0
4e1af64a8,1.0
d7d2d5063,2.0
925d65c0b,2.0
1e6cae3fe,2.0
fef9bb912,2.0
72837a57b,4.0
21af74cbb,4.0
71a09cc77,2.0
f8d51c4ad,1.0
609a9b08d,4.0
188c4c6de,4.0
0dc2998c3,4.0
ac3ca079e,4.0
f16ca8787,4.0
fd0e3963b,4.0
3914719b8,4.0
68b0a87d1,2.0
d6623c730,1.0
ab4e3334d,1.0
5f94a65d7,2.0
bff736dec,4.0
67ae46f0c,2.0
ae5dfea0c,2.0
4f605c05b,1.0
62b164a6c,1.0
592dd2ca3,1.0
450ace55e,1.0
555c3e9ea,1.0
c0f48f0d7,4.0
90bef110d,2.0
307cf438a,2.0
0e3a6023a,2.0
43850cfc2,4.0
66a6f2e85,4.0
53a8e277f,2.0
c9afc9a2b,2.0
c7a5c3e7c,4.0
38227ec2b,4.0
fd3f07bff,4.0
48a82737c,4.0
53f6d3a6a,4.0
95c9867f1,1.0
cd2cc0cba,4.0
774151723,4.0
24e35e2a4,2.0
2d45ed13f,1.0
aa82fda49,4.0
25ff67233,2.0
78a6e4205,1.0
f05e245f5,4.0
dd7cb86f4,2.0
75a918e47,1.0
97ee9e04d,2.0
23b8acc9f,2.0
771df9728,1.0
12d5f2550,2.0
0079accbd,1.0
596a80fe7,2.0
40895f625,1.0
9546944df,2.0
c67be69c6,4.0
8121fa2d4,1.0
fd9ca5f77,2.0
fcf9e8e9e,4.0
5b5ba69ae,4.0
7b752456a,4.0
92745def0,3.0
468edb849,4.0
5730889aa,4.0
c8d90cc80,4.0
1a8edf921,2.0
4f304426a,2.0
bf281b8fa,2.0
b16dba965,2.0
44628537b,2.0
7374f319a,2.0
071df417e,1.0
d53ea316a,4.0
bf891ac32,2.0
b272f26c6,4.0
daee1972e,2.0
95bbc65f6,1.0
3b5f2f125,4.0
0e872621f,4.0
a3b171296,4.0
752a1a18c,4.0
3ab9ccf3f,2.0
23da85fac,4.0
b3dd99379,4.0
f5d1813ff,1.0
b8b7d06cb,2.0
45a131ede,2.0
1a04cda8c,2.0
f52c95d2c,4.0
657dd47b9,1.0
d6e9cf916,1.0
db0b13cb7,4.0
2d240f34e,4.0
d55a67a7e,4.0
687bfc259,4.0
db9055b04,1.0
8f6b00483,1.0
7d876d3c3,4.0
aef0a0aa7,2.0
f4366cfe1,2.0
03f7fb1fa,1.0
090db750a,4.0
ca2c67435,4.0
615b85d67,1.0
17061083d,4.0
f0cfb4db0,1.0
45fbdf598,2.0
6ab539629,2.0
a662b8475,1.0
429ea92dc,1.0
cfe2cc0bb,1.0
1af68dacf,4.0
9a7dd294a,1.0
a9308bb98,2.0
e14eb1464,3.0
1ffb9ee22,4.0
2339d5d2a,1.0
29a233127,2.0
02cd84980,2.0
0bd1d8774,2.0
095e18e76,1.0
1a6533e29,2.0
d44a3e48b,2.0
a2a9bec28,2.0
b2c048257,1.0
86d014881,4.0
a860f7899,4.0
36db59fdd,4.0
73aebc70d,4.0
a696db2dd,1.0
9a270dc0b,4.0
d14f3ea81,4.0
b6d205311,3.0
c3d1edd4c,4.0
c7419482c,1.0
f7b52585f,1.0
2dfda1590,2.0
6684d0e8b,4.0
51402e984,1.0
a06b365f7,2.0
f1b4f9645,1.0
d2b9485a2,3.0
a26ed6e70,2.0
ee2461c25,1.0
b77a42c53,4.0
01cee484d,3.0
2f95a8889,4.0
e752e523a,4.0
9d86a9330,1.0
79b8302d3,2.0
d49b06c5c,2.0
c094d35b2,2.0
a00eb571f,1.0
3210b7021,2.0
c7581c38a,4.0
6fc291dd4,4.0
9f68dc94e,2.0
0df967bf0,3.0
ee0cce52f,2.0
d5418d677,1.0
be482bad4,4.0
cc30b7b6e,4.0
276502657,1.0
aaa37315a,1.0
712627ad2,1.0
c31e1903c,1.0
e86107083,1.0
4d9579477,1.0
78f1f4f34,4.0
1ea448905,4.0
5b220f7e5,1.0
f3014bfec,2.0
0481867bc,4.0
ea3303577,4.0
144c648d0,4.0
b175ced25,4.0
6197b35d6,1.0
34ed1c879,4.0
47e0cdabc,4.0
3d7e82fbf,4.0
bd72a44c5,4.0
0df18b80a,2.0
63b5d00c4,1.0
2f51cf46c,2.0
3e0869354,4.0
e10d5d816,3.0
a7a61f4b4,1.0
c7e8c55ad,2.0
e6ceef9a9,4.0
1be1f44d2,2.0
98965a8ca,4.0
6fca92b5e,2.0
ae621b654,4.0
95a255e5d,4.0
776fb2490,1.0
61e70239c,4.0
7aeef8c10,2.0
84da6b4d7,4.0
11ef08db7,4.0
ca90e2c2a,4.0
684f27e95,1.0
09bf3fb62,2.0
1787f2f57,1.0
7e9ba95b3,2.0
dce4f17c2,1.0
ea3eab2e2,1.0
f3ee98546,1.0
21978fa25,4.0
962bcd128,2.0
bcee5c144,4.0
9d11a4a38,1.0
4c81974c8,1.0
df479283a,1.0
c7817b7ee,2.0
0a9415917,1.0
d7d2fdb1a,2.0
4fa97b3af,2.0
5329930cf,4.0
5495304b4,1.0
70c6bc5b1,4.0
14dd58137,2.0
09db2f20d,4.0
aaea4d10c,4.0
4c83e77f6,1.0
1f8b516a9,1.0
3a6b18020,2.0
802f9642a,2.0
46d473bf7,4.0
ece479280,4.0
9bf5877a2,4.0
848fa385c,4.0
e53f94fb4,4.0
6b96f8571,1.0
4f7a1f872,4.0
131c729d0,4.0
1e8e7e65c,4.0
b525245bd,4.0
9f8fe1af1,1.0
9fb2b4db5,4.0
8bfbd7b69,2.0
63b94fef6,4.0
3b068ba06,1.0
d963353f6,2.0
b6ea6380f,2.0
d6b75044d,1.0
250c5cfcd,4.0
ed8da2273,1.0
1ee9de109,1.0
c5b9176e9,1.0
c0f4bc286,1.0
eaf16f627,4.0
de17d709b,4.0
7bd227a53,4.0
46601fffb,4.0
dab61f2cf,4.0
ea779a645,4.0
5402bbe59,2.0
d6caaebfd,1.0
abda68a33,4.0
3ea4848aa,1.0
7c1f57faa,4.0
ed4e735b0,2.0
0d7d7f712,2.0
8d4dcfa93,1.0
aa6497a09,3.0
48066d4cd,4.0
7d5409bb5,4.0
27fa40a05,4.0
f19e5ce56,2.0
30dbf42ee,4.0
95258f027,3.0
485b3052e,2.0
bf64b3401,4.0
0dfb116fb,4.0
1d4075c43,2.0
ceb9b4b16,2.0
8fcc36325,4.0
64882d1ec,2.0
cd0c26c8f,2.0
cf785cd89,4.0
54ab8aa67,4.0
7093a3a67,2.0
7321efaf1,2.0
2c9962e2a,2.0
ea831dc57,4.0
3f9a6fa48,4.0
45ea36f32,4.0
581fe109e,4.0
d8f1c5205,4.0
e87a000de,4.0
f575cb059,2.0
0314b168e,2.0
4e5ad9284,2.0
879a0fae1,4.0
666509f94,4.0
a27b73e51,1.0
cfb29728e,4.0
b8505ba1a,1.0
4436b7779,2.0
3fe975c2f,2.0
cda48e23d,4.0
6695a0bac,4.0
70d5b3be8,4.0
b5ff4f756,1.0
871aa5484,4.0
0d9768943,4.0
b1dd712fc,1.0
ae049ae99,4.0
e949c7371,4.0
277205e57,4.0
cfaf07198,2.0
1bcd09e4b,4.0
f5083f7fe,4.0
57c9d6381,4.0
a44a7232c,4.0
48583780b,1.0
aa4a66ef5,1.0
2deabc510,1.0
85178a0fb,1.0
3e9399e9c,4.0
e5e56f69d,1.0
37f78704d,4.0
5e7474f56,2.0
9ca48c9c4,1.0
d9ec3d6d8,2.0
9358905bd,4.0
6648e6c41,4.0
a99c5e3e7,2.0
0c64cce50,2.0
488dee151,1.0
dcb662cb4,4.0
86793b19f,2.0
9c84ddcee,4.0
5b013f9ed,4.0
8c4dfaf4f,1.0
e615362f2,4.0
c1f06c624,4.0
0612ce99b,4.0
0b7fab415,4.0
2070bc7bd,2.0
1a4ad3a67,1.0
3b5f2c890,4.0
73300df8f,4.0
740afa71d,2.0
be1f988f9,1.0
5f9ce427d,4.0
d50668735,4.0
e6a1a2a94,2.0
911342831,4.0
102cca700,2.0
894aee840,1.0
0e7b56e5b,4.0
c63fbaaca,4.0
9cfd0650e,4.0
db405b152,3.0
b87039d0c,1.0
7f5fbcda0,2.0
5b0f4aa5a,4.0
5d531952a,4.0
9734f7963,4.0
5f2057c11,4.0
20cb29e4c,4.0
9cd27ce00,4.0
4e1148452,1.0
ccf0155c5,2.0
a0fdf4a65,4.0
eb8f3ccae,4.0
f4ce91bef,4.0
6052e0e37,1.0
034427b35,2.0
873ccfb30,2.0
ff8479d08,1.0
0e1128fd7,3.0
a236d4f8c,4.0
198962e4e,4.0
b1c271aed,2.0
80d09d5a6,2.0
b559b1b6f,2.0
49bc1fb69,2.0
7305bf989,2.0
0948c5d05,1.0
fe70af98b,2.0
94ef54d3f,2.0
548dda704,1.0
e085c584a,1.0
a27686ecc,3.0
4990eaea8,2.0
110c341f5,2.0
8a732f9f7,2.0
7344a9f88,2.0
f3dd82f78,4.0
fe71692a8,4.0
63131551f,2.0
7ea3d5943,4.0
fc0cfc43b,4.0
3231b8f18,4.0
6bcde41ce,4.0
9d85a347f,2.0
fb32cc6b3,1.0
a31e1889c,2.0
73fd3bd55,1.0
addf306db,1.0
c00244181,4.0
96cd359eb,4.0
aa28d64fb,1.0
d6a2349a7,4.0
cd1b5a754,1.0
34e768a22,1.0
4625c5b7a,1.0
cab25bd07,1.0
6d27ffaa0,4.0
ed063f3e3,4.0
67debb1a8,2.0
67c750dcc,1.0
f787f9022,2.0
30917fcdb,1.0
9478f821c,2.0
58db99941,1.0
3c71e496e,4.0
360935609,4.0
38e72721a,4.0
7f9b5dd23,1.0
bdd762104,2.0
7d7e82533,4.0
70f2e32d5,4.0
9159ad1d7,2.0
702fcec8e,4.0
b80a7ef91,1.0
6ccbe85eb,1.0
4797ff3b2,1.0
324f1daa7,1.0
36ec9c045,4.0
1818c3d47,1.0
959f5fccc,2.0
fbd990f27,2.0
8fc438dae,4.0
6aad7bb32,1.0
8ad2cff58,4.0
d1d3d1e6b,4.0
f4fab46a7,1.0
ed3aa3db4,2.0
aa428552e,4.0
a3aac449f,4.0
da38b157d,1.0
8bbc48530,1.0
c621476ea,2.0
75e47802c,2.0
11c6383be,1.0
179a79e4d,4.0
e62192eea,2.0
91456c5a4,4.0
3ad2d5ac8,4.0
14b7b8704,1.0
4e89d7e90,4.0
93ce276e5,4.0
c3d394164,4.0
27f9bcb0e,4.0
d260006da,4.0
4fa0aebb0,4.0
5c6b6c6ab,4.0
22e3ea9f6,4.0
c2a862ba1,4.0
51231911c,4.0
344e96b6c,2.0
6cb05c2f4,4.0
0f546e207,4.0
6452c6e29,4.0
d0ef2bf5c,4.0
92fd65d9f,4.0
da4b54316,4.0
95d9c0d0a,2.0
d4b659ef6,4.0
fad8a5923,1.0
fc95f7cfd,4.0
97da53dfe,1.0
598901beb,4.0
0127736a6,1.0
c15d51573,1.0
91cc4107e,2.0
f02a8bc4d,4.0
98882017a,4.0
3f3e0d53d,2.0
401c536c1,2.0
b39849240,4.0
3209d52d1,1.0
668afb604,4.0
b9ff42d12,2.0
cefb15d2c,1.0
b8f4c3c95,2.0
5707be9f3,2.0
5865981a4,4.0
cd5592936,4.0
924d44c8a,3.0
77345c2db,4.0
72b99e2ae,1.0
c9ce77a95,4.0
9d4b9930a,1.0
f21da20fc,4.0
28137846b,4.0
0cb3cbf77,3.0
f23f2db4b,2.0
bcc4aa3d9,2.0
80c3d1f9f,2.0
3b5a83169,2.0
02b0f3446,1.0
fa9d9b93c,4.0
3319d440f,2.0
ba748f786,2.0
029bdf8bd,4.0
77e601459,1.0
12ec862f5,4.0
49e81cf20,4.0
551aca569,2.0
8377e3305,1.0
b259fdd5a,2.0
e831231c9,2.0
0645448d3,1.0
ce09f2bb1,4.0
584d32416,4.0
a7fd44d7d,2.0
2b0a1a92f,4.0
84b75d037,1.0
abd7a3644,4.0
c73207e60,1.0
cf7f7519d,4.0
3491ab0f8,2.0
418e6c96e,2.0
2aace4809,4.0
d476fb3d2,4.0
bf0f66c76,2.0
fc85482f3,4.0
c67ceb1a0,4.0
cdb61e4a0,2.0
9b8d83072,1.0
887f6ea41,1.0
5367dff7f,1.0
fa58c9482,4.0
17b6af953,4.0
efabc5b4b,3.0
e99b5652d,2.0
53e099571,3.0
f257f7b7c,1.0
cdbe39dfe,2.0
9e561264d,4.0
67aff78fa,2.0
6f40a3c89,4.0
fc3c2dd1e,2.0
c1edd8a2f,2.0
9374ff179,4.0
939acc4e1,4.0
07b908a27,4.0
4e83295b8,2.0
38c6148a3,1.0
75b33cd1d,2.0
acd2a8c15,2.0
27f1ab010,2.0
61d424371,4.0
28d8df59e,2.0
9a22a83e2,1.0
08e23c102,2.0
623300e2f,4.0
5859b26d9,4.0
c3e040ffe,4.0
e93b2f0c5,4.0
c48a522b3,4.0
f68a1df39,4.0
8ba686c7e,4.0
f01c3bb35,2.0
ea929133b,1.0
4209fa995,1.0
ced9a6c48,1.0
cc00ec8af,4.0
6818b2d64,4.0
3b0903573,4.0
4030bbd83,4.0
472085bac,1.0
92ca39ce0,4.0
7fcd35630,3.0
709624933,2.0
d97764d17,3.0
648bd1c3d,4.0
e79df36a6,4.0
fcf7d8381,2.0
e1ce677f9,1.0
0cdef531a,4.0
381a60376,1.0
ce5ac7852,2.0
77bbda99a,2.0
5e6b02a87,3.0
0b1b7aa36,2.0
4de594c69,1.0
38c3d8dfd,1.0
7de87b236,1.0
4985e9abe,4.0
fb7bf0ca0,4.0
09d59aee2,2.0
4bb026f02,3.0
449cc4db2,2.0
5664dd8ba,2.0
0a3470446,4.0
0cab5ddae,4.0
ed4913e0c,4.0
40b697009,2.0
e19165754,4.0
56045ba61,1.0
fcb54a318,2.0
9f36f0f04,4.0
777d0efca,4.0
ae708432d,1.0
365206401,1.0
491c028ed,1.0
dada7fb95,4.0
3fd878e1e,4.0
219c41ecd,2.0
4832858f6,4.0
24e0c1639,1.0
27959c6c3,4.0
e8307f240,2.0
8805a8cdd,1.0
e9dc7be0a,2.0
9c140b105,4.0
9cb0fb630,1.0
d765b180a,4.0
35a056eee,4.0
65cd649d0,2.0
5ac03395e,1.0
88af72d1d,2.0
f78fbca66,4.0
1c094491f,4.0
e02a95978,2.0
81fbbb6c1,
4fa1c4bb3,
19697ef26,
46213a698,
501f25ca4,
a2c13fe47,
0e0017da1,
5083eb734,
3f570eddd,
79b187ddd,
d62daa8aa,
1eff820fd,
d79150217,
3ea5eb51e,
e5a74faf8,
a1e98773a,
df62c69f8,
a73b445eb,
cd733bf3e,
f5757f749,
e8c3af611,
5f02c5d6a,
a04c20b92,
053553ce4,
079e8e5f9,
3ec60effa,
f6558ec0c,
f409d6a5e,
e95209758,
d81227440,
1035e7647,
d1d41875b,
94f77f167,
ad8988d66,
06002068a,
a59595a9c,
3b1338c6a,
008652963,
ba782d334,
5484f83ae,
0cbeef62d,
d2ef6b0ce,
8ee0ff988,
1d32fdfed,
83c1393f0,
9ff3e17f4,
2bd19ee29,
7dc269289,
269c5b546,
8782635cb,
5720aeff2,
6b7d0706d,
619796969,
03154323c,
150a5414c,
8424fd925,
da7325042,
2def730d7,
c82b3dab0,
e25d4b735,
c25ee1d60,
803d6cf84,
61fdfed5d,
7cf00baee,
7fd12d3f2,
e323527e0,
0ce86c383,
e88e25bc4,
f2847575d,
f06c3f277,
ed9df93fb,
cf5e1dc3d,
0bdba53ae,
02b507e40,
ad0caccc5,
7d43db30b,
d0a129570,
d2d8c78da,
eb15fcf7b,
262be4911,
2fb04c8d1,
8777d5920,
a503f69fb,
391c07663,
55b816700,
90161ee44,
c312136a2,
e84dfb7e3,
8a81178e7,
1a44d4bd3,
7a9e25e6d,
c503574aa,
747bc9980,
6be275cb4,
d101f387b,
c2acce386,
265349cc8,
f61d4e0ce,
835330218,
5f5e29352,
dbe03d1b1,
4a3e2c329,
c4130437e,
c27a59f51,
21c450753,
ebc4b3548,
9ba164213,
6a06314ec,
a794e3245,
ade2c8e9b,
895564503,
3e2f3ee14,
7db59afc0,
af903aff1,
65277b6d7,
be561a907,
68e9b12ba,
738f6cf50,
432d3c29e,
e1f809f71,
be046e917,
e5c51e06f,
890331874,
a0f2f3a98,
2525ffd0e,
d9a7bd1ba,
b712513e5,
9ddc11ca4,
3345f233a,
34991b47d,
3182e9bce,
cfaf7de5e,
89b4c43c5,
ee44ef33e,
819235a42,
c4c19d43c,
ccd591803,
f2a308ca0,
1e576f92e,
07dbb240c,
1d1110e0f,
9036318aa,
9d410d32b,
84dfe2c15,
924619a26,
b97e71736,
cc16c57b1,
cfe0aa64d,
bec90a323,
163dc4d89,
3d1c9a9de,
4bf987dd7,
5a30e83b6,
a1c4bafbc,
9dcd790ba,
d6cf66f88,
6c36797ec,
f4066f08f,
c489b585f,
dde64fc3c,
716b775c5,
8fb635a06,
ef4c0b081,
bb183e8ff,
6f517ca5c,
f8ee69cf8,
beebe07cc,
85df22b65,
b141470ba,
b9ee7bf8d,
a3bc7e59f,
8738e190f,
e031dc611,
ca96fb21f,
8c3162593,
d350af949,
089c12018,
0a2e0e0f6,
ce7e32055,
561d58f66,
993049fd6,
d7e70c440,
ec5797f90,
516f90e93,
690709a80,
6a7859258,
167b39378,
e149de7e6,
b5834d69d,
239662051,
82647c4d2,
4978f1572,
bacd8d370,
c7fad571c,
98b83f118,
5c7ddb10a,
3ea191921,
f9a8bc654,
560fc0423,
e5a2f7610,
fb3d8e662,
c480e2beb,
52d662dee,
6c5a4b9c4,
a393ed091,
573c578d0,
45844321f,
cb3a64f64,
4df68f4e9,
db3963f04,
df9e82f13,
6c1e84b70,
001d503e8,
3bd285147,
74ede439f,
74c6bc410,
7957d3691,
07136908b,
ba057ca1c,
d6da01c6b,
4f9bca7e9,
b0f6117c2,
a0011c6eb,
860344fde,
bb888acad,
eeaa62643,
24f3cf2a0,
0764a7eac,
4082723d5,
61a560fa2,
ae418e62b,
90d28943c,
13ea5fd8d,
8c296fe1e,
1bbcdf7a8,
0484a5ca3,
b3bbe5f53,
bb92a7567,
782e979b9,
884dd8f25,
70b11a7df,
8b9f17174,
aae936b8e,
c559c6127,
b4c43aecc,
adab615b2,
74d3658c4,
1fb9dbf3a,
da4c16351,
ed3c0df6b,
f77ba9bda,
2fbc547de,
938349c86,
9657c7cbe,
dfb9314ad,
0551cb75a,
0c9d49657,
dbf9cb69f,
2a9c5eab2,
2b2a7ea83,
1ea0c2a00,
c24f53ec1,
bc85444e9,
285806a87,
c4431962f,
9ab85d40c,
12dc0e350,
5a6f06939,
cfab64c1f,
9090dfe7e,
cdd0834a9,
3b54d2ff0,
ca093707c,
450f42a03,
d8d8cdf8a,
6f57a612f,
f2695ba4e,
c2bde6c93,
623593736,
4ecc7b377,
a8eb87a19,
44fbf0b84,
095faabaa,
f2184d6e6,
196f254f3,
6fc48261b,
095af2118,
569399673,
8a0a39ae9,
bcb1ab1be,
7e3b71ed7,
0f4cc4df3,
ffb1e35e1,
640d9a19f,
d7dccc77b,
d1bf21817,
1c3eaf19f,
8b11bd238,
52efba7a7,
cf125d1f6,
d63a6beee,
eb94e7e3f,
ddc357f3f,
8d0e4ce0b,
23b2aa9f4,
4893339da,
34deef477,
8d0971a45,
e9cdfb442,
23a6650c4,
5c5189b56,
e7512e549,
ca35dcf38,
6af25b653,
dd74fd4b4,
e73771274,
91c55d736,
d5bebff81,
054095655,
27a5c14a3,
4a628d5ea,
0e4eb6bed,
ba7974eea,
e7c1f4c71,
280a19fde,
6742b2f4c,
2c840da5c,
7e7eb03c8,
63abb7d89,
e853ed0d4,
14aea25a8,
52203fcdd,
c91979f9d,
6ef2a9710,
5faac2a37,
420faace4,
78eb1ff40,
f8aed2e9a,
f151b8040,
f3e8d96d8,
421c20853,
37a3ca9d9,
8d9239735,
5bc91f92b,
5cad62f10,
baae8f4bb,
dd3b0c971,
634a2d6ed,
5aacfa367,
4240ae918,
e2de606a0,
2ebcb2e02,
9911add5b,
4d0bf11c5,
4f46a02af,
d5816f5e7,
c2224af98,
cc5ebb4b4,
bbdd7b4f3,
9fa384850,
c8c7c7ee4,
28325b3d5,
5604b1b4b,
7ed005178,
fe38d5ffc,
8236e216c,
fec5d79d0,
78e4fc283,
361f3f278,
2ae6cda7d,
5f1ddbd0e,
d689e43d3,
501c6fe9d,
2bf80cc03,
97eca3abc,
8a369e08c,
28ebbe75c,
cf019d00f,
6cf10fb6e,
a9ec7f379,
191ab1abf,
78fe45793,
9b01619e1,
cd9f0fa1b,
1ed6caed2,
5de46abf2,
939027417,
b9c01e7c7,
c310dc8e3,
a5c3f9153,
7da0b6748,
6f01fa715,
cf823fe95,
c9456de8d,
9751c20f0,
5ff8d0fee,
f3ca28aa1,
be1caa2d1,
0d882a77c,
fd86921f6,
e03bc04cc,
8e5b5c870,
b5c68765f,
ea9a1ee5c,
7d7bd1619,
8402edce8,
5aa096eb1,
3d042de99,
4083b5e8c,
5f4c80ffd,
feceba12b,
8757bc681,
ccba2b8d1,
3ee57f395,
8ae52d40c,
a2f165942,
d7432fac3,
7031a5cda,
3fd732fc4,
d5fe28556,
deb592585,
8a356cba8,
f78d67427,
41eeba049,
030068497,
d5d923c09,
e65dc3c7f,
7c733881a,
9860ed0b0,
2a9eb32cd,
ba1065a24,
133cd6876,
0e8e7640e,
8b994fc99,
eedb57cd6,
963ca7ec8,
bc2272277,
98b106dc9,
d501b2fa5,
b9bd43ed9,
a74808fe4,
43c4e22f0,
48c6e1680,
077883558,
bdaa4e12c,
301987149,
7545c106f,
a24483828,
5509758d7,
047a3dc86,
8075da3a6,
e4d63203c,
0cf8ab092,
b5cd50120,
8473ea25a,
ff4bad8b2,
4f11633ff,
e6b83f75f,
51147d230,
e929b302a,
be490ac3d,
0111099f8,
2204006b0,
abec498d8,
160605a86,
68fcb36db,
4e68b3f75,
0c8374d8c,
6f417401b,
bc3eea132,
b7de115e8,
96ac73ad0,
2deb7e923,
99898aa3a,
4a6c731d1,
52eb2a1c5,
e1b1b7248,
53d3d6316,
ad8fed7c3,
f3541b1bc,
ba7801d57,
89912005b,
22292c841,
e29dc89da,
9883ba0a6,
eb5a2cfc5,
b63a8ba44,
bc5944086,
58af165cd,
dcf9473c1,
a2a734348,
3d815b4bc,
4fdf852e8,
72943b6ca,
fc5485a38,
9d437314b,
0da144b18,
b30881bd3,
33c3cb115,
2eb02905b,
707656d7f,
e49499be8,
8a2040751,
82cb3eb59,
144e57740,
40116a9e7,
fe1e4e8fa,
4ca157452,
a0367f7e0,
b73ee88dc,
b250f4035,
ce31622c6,
38e9f3adf,
426f88f29,
1e6db8eed,
519e13c1d,
a67b605e2,
934b61e2c,
2e050c364,
03dcdcd53,
38ca1a419,
e5a2705ee,
864d55acb,
86b85538f,
1456605ea,
1f45ecd7f,
1dc9e73c9,
4e1661dc2,
824f345bc,
0c6769645,
b6f3c32c8,
d884d352e,
e4027ba6e,
07e70b072,
63acf4157,
d7c965c59,
7e391e8db,
dcb579a64,
5c6f6badd,
aa1f77b38,
5e7916308,
6250e5e1f,
3bb3c3f41,
fc8281dd8,
f60dfc2a2,
d0120359f,
403c6cb85,
07d914139,
9576d6820,
3c7106b78,
b0a509d5a,
43a02bfb3,
53ba70fc9,
034770757,
b2ba57174,
b452fcedc,
8a28ff135,
224754b26,
d9801429b,
f79ecce0a,
26c978408,
29558e678,
5037b355a,
24387278f,
eab678e04,
7698dd2f8,
86c35d610,
d5c8e8f95,
40b28c8b2,
13b5d77c9,
0c4c94d92,
80e71a429,
0871b29c7,
737963888,
4d3d5de63,
bed0a2dd0,
5c11b7b71,
771236ce1,
199ae3a3d,
609a19425,
cddfc651c,
f40103c83,
d6caa6c1b,
3c3b8f720,
0d23ebf62,
6cd08f9e5,
6bb0867d2,
af5663a50,
9b72b6259,
414d8071a,
2832e999c,
7e53fa3c8,
ac8a6d6b4,
46b72a554,
ddff16456,
bf7468418,
07cec96ed,
3e5f1ed95,
2fb2b5440,
0e1afcba3,
68a455136,
f0f332a40,
9f6c09778,
4c144f0ed,
cec32d2d9,
2ce451b02,
0646fb6ba,
83ba40cc6,
590738ca0,
f6a6a9309,
7b709929f,
a6f5db120,
592ff368f,
614b290f5,
b8d8b2272,
7c4c942d5,
b37fc7248,
599b33066,
cbb603649,
c2f964b3b,
d5681d2c3,
47536cf31,
ae4274dd6,
38cbd55e5,
aff0a8156,
42b588455,
3a97ac75e,
b77bebe5f,
59680597d,
7c2b48d5f,
23f8bb18e,
892a5ed54,
2b880dfcb,
974688435,
26b149a77,
3d1a0b636,
2c416fcef,
cfa1588e2,
584042e9e,
493d668ba,
082126600,
569798535,
47aab029b,
559917f5c,
60d8c1fa7,
bede60795,
ffa86db9e,
4b14cca25,
5c55a78e2,
3ccddbba4,
180d75114,
f1101a527,
df17fad20,
44bf31aa6,
fe9b945ae,
e5d02f315,
09ba96bf0,
c572d623d,
882c038e7,
973194dde,
1061d324a,
66e113c05,
650de5c52,
d74e047bd,
cd2f4f5bd,
35c9317ff,
a6b832cfa,
b2f3be45e,
f0a7c0b14,
f55332756,
f6b4d4405,
3d6a0b6ce,
ae49cb15f,
2d10f326a,
dedc72b5b,
a83818789,
fdfcd1023,
62f7be1c8,
fad624d4f,
4c506cf99,
84c0efa46,
e8ab2aa85,
d3f554d71,
a63706726,
3e636c3d2,
ce5cfac06,
073568cc5,
416bfd3dd,
d2284ec25,
e543bc19c,
c82ba5889,
49d4e21de,
edc153713,
3603eacf0,
e2b2cad49,
122e7c0c2,
b2b54fce7,
c720115fe,
47bfcd3cc,
17a5bece9,
45e7776e1,
dcbb918b4,
25baf7a8d,
600e0fb89,
cfc94da9a,
2a029afbe,
ff903e52b,
418700d53,
1e0e21059,
bc05ab361,
8459f4707,
d12b4fe19,
4b96e341f,
5ad9b6f0c,
610788182,
ee4325d84,
2abba8c6c,
a0b6f1501,
9967c6cb6,
a182511f2,
51a13610e,
19c7e095c,
73961a218,
2e979fe49,
39ee807be,
46e92f631,
f116c92af,
378d73716,
827daf042,
ad59fc7a0,
26de61f1f,
0c9476c38,
8c2f1d851,
147191c1a,
40873dcd6,
c1509a54e,
cda7cd580,
519a6e4c4,
234c7884f,
847717f72,
1361c6788,
11f0ed3d3,
d3cf5146b,
5a7197211,
fc21aa84c,
869c9f3a4,
90c2e8a86,
13922dcc9,
48ec0107d,
efd268250,
bfe1af332,
7204f7890,
8b6c7ef38,
387c23325,
5190cd079,
6ec65e11d,
b2686029e,
089ed3836,
4e3b3c58c,
1ef0e1d49,
da6b36177,
60036f876,
cf057b203,
2e2c61226,
aa6b3dcee,
733a5cf62,
0505896da,
78624b4a6,
a8c8aed05,
7e520dca0,
f072baaae,
32288dcdb,
66b38c4a7,
f147e61ee,
aec383ae4,
d0b1c9032,
901fd9c6d,
97d5ad3c9,
d3600fbb5,
b8f18c8ee,
170e3f54b,
7d7e41466,
49ba38c83,
b108f718e,
8fe4353c3,
cc1d53892,
a7d15b9c4,
6446390b9,
09a0af133,
12049565b,
3427a70d0,
81816952b,
d12e91a45,
d1b426458,
62173a996,
22e3c334e,
96d7cffab,
322182861,
6aadea6a0,
cbde71ab6,
4fb937efc,
6b0c2cccf,
18728cb17,
ecf8b957a,
b681b66c6,
30a693a7d,
fca822dd6,
94eab2b21,
36afecaab,
517f2a2f5,
d34c5122b,
ead8e4c7d,
f64be1c78,
85f9f0467,
9a77b0cef,
3a950c0ed,
17d350878,
5c565177c,
4779d1360,
e3d2448a9,
c4c74a141,
237231bc6,
e44119a49,
3a9c20f49,
e950e95ac,
ebb95545d,
12cc48715,
5a2783ea4,
3712f20d5,
515863340,
74ee75020,
634ae6954,
7a0832e2c,
065d6994c,
ffe2d8e81,
ebac08276,
f85b86356,
c56bbf410,
4abffeca5,
c7dec8dc7,
c86d01c1f,
e2c7d7c0a,
f15762b6a,
dbd702a56,
e2489b317,
3cbb1c0f7,
a28594c46,
001ec8d5b,
23118a766,
1333e803a,
65ec259b0,
ee397e714,
028c68583,
db34d666a,
d35231e5a,
629fe6dff,
4bbaa98d6,
8255e2fa2,
ee9c002d6,
452d9758d,
e29b59239,
cd8a82b97,
17a021ba4,
053205cfa,
ea466e975,
8661faa01,
5c253db79,
b49f9924c,
4b063107f,
fc1b8a4f0,
72dabb7a1,
548f0e9c6,
8c9bdff8c,
1ec422aae,
b7d73e11a,
e3040d73f,
f4c33173e,
ae94db5ca,
729abd2f2,
511f1a6db,
3a0d5f49d,
906573861,
8cca8236b,
f8aa09ab4,
af2bf2c48,
f0a6b590b,
b88e57980,
60d52c67a,
1adf16bff,
8affd8298,
1bf5096b7,
fd262420a,
ba6cbb3b9,
eaab0dc4f,
cabaf8033,
065367f09,
d7655dc4b,
74bf493b5,
94ff23a43,
dd1812b4c,
2f49a3373,
73c83dc73,
5a67c3ceb,
08ba5ce13,
fb6fbaa05,
0a44cc8ba,
9cb0c885e,
3245790c7,
e3aa17a53,
27bf5c8f8,
860591c44,
61fe0f6f7,
7d3ce3195,
1572bf9cc,
7999ea5fe,
111f4f6ed,
1badb11f5,
4eb926dde,
45c8f591d,
9b1035016,
7d50924c3,
409b92edb,
5f75c7083,
132916303,
4d932ca97,
41814d501,
6bcb7ed25,
31ed5d5ec,
d6a2fa83e,
a159e317f,
09582e51b,
0c9cc3c3d,
62abaa505,
d274a7103,
67b8ae43b,
285a40127,
e90b93c02,
0a4831022,
6bde0667b,
10bc6fc6a,
